,url
0,https://news.naver.com/main/read.nhn?mode=LSD&mid=sec&sid1=105&oid=293&aid=0000034734
1,https://news.naver.com/main/read.nhn?mode=LSD&mid=sec&sid1=105&oid=277&aid=0004904627
2,https://sports.news.naver.com/news.nhn?oid=442&aid=0000134209
3,https://news.naver.com/main/read.nhn?mode=LSD&mid=sec&sid1=106&oid=108&aid=0002956287
4,https://news.naver.com/main/read.nhn?mode=LSD&mid=sec&sid1=106&oid=009&aid=0004795687
5,https://news.naver.com/main/read.nhn?mode=LSD&mid=sec&sid1=106&oid=609&aid=0000442404
6,https://news.naver.com/main/read.nhn?mode=LSD&mid=sec&sid1=106&oid=144&aid=0000737424
7,https://news.naver.com/main/read.nhn?mode=LSD&mid=sec&sid1=106&oid=057&aid=0001577395
8,https://news.naver.com/main/read.nhn?mode=LSD&mid=sec&sid1=102&oid=001&aid=0012399847
9,https://news.naver.com/main/read.nhn?mode=LSD&mid=sec&sid1=101&oid=374&aid=0000244631
10,https://news.naver.com/main/read.nhn?mode=LSD&mid=sec&sid1=105&oid=092&aid=0002222324
11,https://news.naver.com/main/read.nhn?mode=LSD&mid=sec&sid1=105&oid=138&aid=0002103568
12,https://news.naver.com/main/read.nhn?mode=LSD&mid=sec&sid1=104&oid=277&aid=0004904081
13,https://news.naver.com/main/read.nhn?mode=LSD&mid=sec&sid1=104&oid=015&aid=0004547852
14,https://news.naver.com/main/read.nhn?mode=LSD&mid=sec&sid1=104&oid=214&aid=0001119310
15,https://news.naver.com/main/read.nhn?mode=LSD&mid=sec&sid1=102&oid=001&aid=0012399735
16,https://news.naver.com/main/read.nhn?mode=LSD&mid=sec&sid1=101&oid=025&aid=0003102263
17,https://news.naver.com/main/read.nhn?mode=LSD&mid=sec&sid1=104&oid=055&aid=0000894845
18,https://news.naver.com/main/read.nhn?mode=LSD&mid=sec&sid1=104&oid=052&aid=0001589415
19,https://news.naver.com/main/read.nhn?mode=LSD&mid=sec&sid1=101&oid=025&aid=0003102343
20,https://news.naver.com/main/read.nhn?mode=LSD&mid=sec&sid1=104&oid=003&aid=0010503710
21,https://news.naver.com/main/read.nhn?mode=LSD&mid=sec&sid1=104&oid=011&aid=0003911796
22,https://news.naver.com/main/read.nhn?mode=LSD&mid=sec&sid1=104&oid=003&aid=0010503709
23,https://news.naver.com/main/read.nhn?mode=LSD&mid=sec&sid1=104&oid=366&aid=0000717991
24,https://news.naver.com/main/read.nhn?mode=LSD&mid=sec&sid1=104&oid=052&aid=0001588685
25,https://news.naver.com/main/read.nhn?mode=LSD&mid=sec&sid1=104&oid=008&aid=0004588048
26,https://news.naver.com/main/read.nhn?mode=LSD&mid=sec&sid1=104&oid=001&aid=0012396186
27,https://news.naver.com/main/read.nhn?mode=LSD&mid=sec&sid1=104&oid=018&aid=0004930966
28,https://news.naver.com/main/read.nhn?mode=LSD&mid=sec&sid1=106&oid=609&aid=0000442128
29,https://news.naver.com/main/read.nhn?mode=LSD&mid=sec&sid1=103&oid=468&aid=0000769082
30,https://news.naver.com/main/read.nhn?mode=LSD&mid=sec&sid1=101&oid=014&aid=0004640549
31,https://news.naver.com/main/read.nhn?mode=LSD&mid=sec&sid1=104&oid=015&aid=0004546506
32,https://news.naver.com/main/read.nhn?mode=LSD&mid=sec&sid1=101&oid=018&aid=0004929586
33,https://news.naver.com/main/read.nhn?mode=LSD&mid=sec&sid1=104&oid=001&aid=0012393784
